irked,irritated,annoyed,mad,angry ,incensed,infuriated,enraged
irked,annoyed,irritated,mad,angry ,incensed,enraged,infuriated
irked,irritated,annoyed,mad,angry ,enraged,incensed,infuriated
irked,incensed,annoyed,irritated,angry ,mad,infuriated,enraged
irked,annoyed,irritated,mad,angry ,infuriated,enraged,incensed
irked,annoyed,irritated,mad,angry ,incensed,infuriated,enraged
irked,incensed,enraged,infuriated,annoyed,mad,angry,-
annoyed,irritated,irked,mad,angry ,infuriated,incensed,enraged
annoyed,irked,irritated,mad,angry ,infuriated,incensed,enraged
incensed,irked,annoyed,irritated,angry ,enraged,mad,infuriated
irked,annoyed,irritated,mad,incensed,angry,infuriated,enraged
irked,irritated,annoyed,mad,angry ,incensed,infuriated,enraged
mad,irritated,annoyed,angry,irked,incensed,infuriated,enraged
annoyed,irritated,irked,mad,angry ,incensed,enraged,infuriated
irked,annoyed,mad,angry,incensed,irritated,enraged,infuriated
incensed,annoyed,mad,irked,irritated,angry,enraged,infuriated
annoyed,incensed,infuriated,irritated,irked,angry,mad,enraged